,City Name,Lat,Lng,Max Temp,Humidity,Cloudiness,Wind Speed,Country
0,Bredasdorp,-34.53,20.04,42.8,93.0,0.0,3.36,ZA
1,Mataura,-46.19,168.86,52.0,74.0,73.0,10.0,NZ
2,Port Macquarie,-31.43,152.92,61.0,73.0,68.0,1.99,AU
3,Ancud,-41.87,-73.82,42.01,93.0,20.0,4.7,CL
4,San Patricio,19.22,-104.7,86.0,74.0,75.0,11.41,MX
5,Busselton,-33.65,115.33,55.99,95.0,66.0,15.84,AU
6,Pevek,69.7,170.31,37.74,95.0,100.0,13.47,RU
7,Coquimbo,-29.95,-71.34,53.6,87.0,100.0,3.36,CL
8,Sitka,57.05,-135.33,55.4,82.0,90.0,10.29,US
9,Butaritari,3.07,172.79,82.11,77.0,90.0,11.68,KI
10,Provideniya,64.38,-173.3,53.6,76.0,90.0,11.18,RU
11,Grand-Santi,4.25,-54.38,74.26,96.0,100.0,3.8,GF
13,Cape Town,-33.93,18.42,57.99,87.0,20.0,11.41,ZA
14,Ulaanbaatar,47.91,106.88,51.8,76.0,75.0,1.05,MN
15,Port Elizabeth,-33.92,25.57,51.8,76.0,0.0,4.7,ZA
16,Grand Gaube,-20.01,57.66,60.8,87.0,75.0,6.93,MU
17,Hobart,-42.88,147.33,44.6,65.0,20.0,9.17,AU
18,Fort-Shevchenko,44.51,50.26,74.39,57.0,0.0,7.43,KZ
19,Aklavik,68.22,-135.01,53.6,71.0,90.0,6.93,CA
20,Kelo,9.31,15.81,72.3,90.0,81.0,2.26,TD
21,Ahipara,-35.17,173.17,61.3,91.0,100.0,14.85,NZ
22,Lüderitz,-26.65,15.16,50.0,93.0,0.0,8.05,NA
23,Luan,46.36,6.98,66.2,88.0,81.0,2.24,CH
24,Camacha,33.08,-16.33,71.6,78.0,20.0,9.17,PT
25,Hithadhoo,-0.6,73.08,81.95,79.0,100.0,11.5,MV
26,Sawtell,-30.38,153.1,63.0,59.0,90.0,14.99,AU
27,Tabuk,17.42,121.44,79.39,81.0,100.0,3.27,PH
28,Orkney,-26.98,26.67,45.0,51.0,0.0,2.84,ZA
29,Vincennes,48.85,2.43,81.0,57.0,65.0,2.24,FR
30,Jamestown,42.1,-79.24,82.0,65.0,1.0,5.82,US
31,Puerto Ayora,-0.74,-90.35,69.01,89.0,72.0,7.92,EC
33,Tasiilaq,65.61,-37.64,39.2,93.0,100.0,18.34,GL
34,Nowy Dwór Mazowiecki,52.43,20.72,68.0,88.0,68.0,4.7,PL
35,Punta Arenas,-53.15,-70.92,32.0,90.0,50.0,8.05,CL
36,Ushuaia,-54.8,-68.3,32.0,92.0,40.0,13.87,AR
37,Hilo,19.73,-155.09,80.6,69.0,90.0,4.7,US
38,Vanimo,-2.67,141.3,84.63,66.0,81.0,4.29,PG
39,Barrow,71.29,-156.79,42.8,87.0,90.0,10.29,US
40,Satuk,41.23,32.38,61.3,86.0,2.0,1.68,TR
41,Vila Velha,-20.33,-40.29,69.8,83.0,75.0,4.7,BR
42,Vaini,-21.2,-175.2,77.0,73.0,40.0,9.17,TO
43,Katy,29.79,-95.82,91.0,62.0,1.0,12.75,US
44,Tripoli,32.88,13.19,78.82,73.0,0.0,10.07,LY
45,Ponta do Sol,32.67,-17.1,73.4,64.0,20.0,11.41,PT
46,Yellowknife,62.46,-114.35,62.6,88.0,90.0,3.36,CA
47,Honiara,-9.43,159.95,82.4,78.0,75.0,4.7,SB
48,Tiksi,71.69,128.87,41.52,74.0,54.0,11.86,RU
49,Turukhansk,65.82,87.98,59.49,73.0,0.0,4.68,RU
50,Puerto Escondido,15.85,-97.07,84.2,66.0,90.0,3.27,MX
51,Lebu,-37.62,-73.65,45.14,71.0,0.0,11.7,CL
53,Vaxjo,56.88,14.81,57.2,93.0,50.0,3.36,SE
55,Kiama,-34.68,150.87,57.99,79.0,21.0,4.0,AU
56,Atuona,-9.8,-139.03,79.3,67.0,0.0,18.32,PF
58,Arraial do Cabo,-22.97,-42.03,71.4,82.0,4.0,24.72,BR
59,Sangmélima,2.93,11.98,66.18,98.0,97.0,4.27,CM
60,Albany,42.6,-73.97,75.0,66.0,19.0,3.74,US
61,Cidreira,-30.18,-50.21,67.1,73.0,0.0,4.76,BR
62,Chateaubelair,13.28,-61.25,82.4,83.0,75.0,13.87,VC
63,Mokrousovo,55.81,66.77,57.81,95.0,27.0,4.45,RU
64,Verāval,20.9,70.37,81.59,85.0,97.0,16.31,IN
65,Dwārka,22.24,68.97,82.94,84.0,100.0,15.86,IN
66,Donegal,54.65,-8.12,56.77,91.0,84.0,3.89,IE
68,Rocha,-34.48,-54.33,53.47,61.0,69.0,14.58,UY
69,Khatanga,71.97,102.5,48.02,64.0,0.0,5.55,RU
70,Lethem,3.38,-59.8,78.08,84.0,100.0,5.64,GY
71,Margherita,27.28,95.68,78.8,94.0,90.0,6.93,IN
72,Kodīnar,20.79,70.7,80.89,86.0,90.0,15.17,IN
73,Kayerkan,69.35,87.76,50.0,100.0,90.0,2.24,RU
74,Rikitea,-23.12,-134.97,70.05,71.0,43.0,22.75,PF
75,Hofn,64.25,-15.21,52.75,96.0,93.0,9.37,IS
76,Rumboci,43.83,17.5,69.8,73.0,0.0,3.36,BA
77,Kapaa,22.08,-159.32,84.2,66.0,75.0,14.99,US
78,Inverness,57.48,-4.22,57.99,93.0,98.0,1.52,GB
79,Constantine,36.37,6.61,73.4,53.0,28.0,4.7,DZ
81,Collie,-33.37,116.15,55.99,95.0,48.0,8.1,AU
82,Port Alfred,-33.59,26.89,56.23,77.0,0.0,9.08,ZA
83,Manta,-0.95,-80.73,73.4,78.0,20.0,8.05,EC
85,Abū Zabad,12.35,29.25,75.42,79.0,100.0,10.25,SD
86,Lompoc,34.64,-120.46,68.0,68.0,1.0,12.75,US
87,Jinxiang,22.86,115.7,83.55,78.0,100.0,9.86,CN
88,Quatre Cocos,-20.21,57.76,60.8,87.0,75.0,6.93,MU
89,Longyearbyen,78.22,15.64,48.2,76.0,75.0,8.05,SJ
90,Port Hedland,-20.32,118.57,68.0,68.0,10.0,10.29,AU
91,Esperance,-33.87,121.9,55.4,82.0,90.0,21.92,AU
92,Huarmey,-10.07,-78.15,60.6,83.0,3.0,7.25,PE
93,Grindavik,63.84,-22.43,51.8,100.0,90.0,18.34,IS
94,Gurupi,-11.73,-49.07,77.67,38.0,2.0,4.85,BR
95,Kjøllefjord,70.95,27.35,50.04,86.0,97.0,15.82,NO
96,Hingatungan,10.58,125.19,83.35,73.0,46.0,4.25,PH
98,Kupang,-10.17,123.58,84.2,62.0,20.0,3.36,ID
99,Kavieng,-2.57,150.8,83.97,66.0,7.0,1.81,PG
100,Port Lincoln,-34.73,135.87,55.81,76.0,96.0,20.69,AU
101,Yar-Sale,66.83,70.83,51.91,97.0,99.0,5.5,RU
102,New Norfolk,-42.78,147.06,41.0,86.0,2.0,1.01,AU
103,Pāvilosta,56.89,21.19,60.8,93.0,0.0,1.12,LV
104,Avarua,-21.21,-159.78,73.4,64.0,14.0,9.17,CK
105,Katsuura,35.13,140.3,93.2,56.0,40.0,18.34,JP
106,Nyaunglebin,17.95,96.73,76.73,92.0,100.0,4.16,MM
108,Belmonte,-15.86,-38.88,71.6,83.0,90.0,12.75,BR
109,Kotdwāra,29.75,78.53,77.0,94.0,75.0,3.36,IN
110,Constitución,-35.33,-72.42,47.23,58.0,6.0,16.8,CL
111,Chui,-33.7,-53.46,55.2,85.0,93.0,11.21,UY
112,Nanortalik,60.14,-45.24,41.05,79.0,4.0,11.12,GL
113,Qaqortoq,60.72,-46.03,48.2,39.0,19.0,8.05,GL
114,Mar del Plata,-38.0,-57.56,46.4,49.0,32.0,13.87,AR
115,Pagudpud,18.56,120.79,80.6,83.0,75.0,4.7,PH
116,Marzuq,14.4,46.47,85.17,26.0,100.0,4.5,YE
117,Cabo San Lucas,22.89,-109.91,84.99,70.0,75.0,18.34,MX
118,Aykhal,66.0,111.5,51.8,100.0,90.0,6.71,RU
119,Kaitangata,-46.28,169.85,55.0,47.0,64.0,15.99,NZ
120,Kashgar,39.45,75.98,71.98,30.0,61.0,1.05,CN
121,Sindor,62.86,51.89,44.58,96.0,29.0,3.22,RU
122,Bluff,-46.6,168.33,52.0,74.0,89.0,10.0,NZ
123,Xiongyue,40.18,122.12,78.62,79.0,3.0,13.22,CN
124,Povenets,62.85,34.83,51.82,90.0,97.0,20.89,RU
125,Hermanus,-34.42,19.23,44.01,96.0,0.0,1.01,ZA
126,Bengkulu,-3.8,102.27,76.28,90.0,57.0,3.67,ID
127,Fortuna,40.6,-124.16,69.01,80.0,7.0,5.01,US
128,Lagoa,39.05,-27.98,69.84,74.0,32.0,13.27,PT
129,Ayan,56.45,138.17,55.8,90.0,100.0,23.0,RU
130,Zambezi,-13.54,23.1,57.72,36.0,0.0,4.34,ZM
131,Chokurdakh,70.63,147.92,45.72,59.0,97.0,9.22,RU
132,Qianjiang,30.42,112.89,80.01,90.0,56.0,6.06,CN
133,São João da Barra,-21.64,-41.05,72.32,82.0,6.0,19.04,BR
134,Lavrentiya,65.58,-171.0,53.13,65.0,0.0,10.51,RU
135,Gardner,42.58,-72.0,84.2,51.0,20.0,6.93,US
136,Pahrump,36.21,-115.98,102.0,7.0,0.0,3.0,US
137,Bacolod City,10.67,122.95,83.71,71.0,49.0,2.39,PH
138,Port Blair,11.67,92.75,81.99,83.0,100.0,16.53,IN
139,Zhigansk,66.77,123.37,45.93,65.0,80.0,12.55,RU
140,Santa Rosa,14.31,121.11,82.99,83.0,100.0,3.87,PH
141,Bam,29.11,58.36,83.08,18.0,52.0,7.96,IR
143,Mongo,12.18,18.69,73.35,85.0,86.0,3.42,TD
144,Cap Malheureux,-19.98,57.61,60.8,87.0,75.0,6.93,MU
145,Necochea,-38.55,-58.74,43.0,68.0,13.0,11.01,AR
146,Krapkowice,50.48,17.97,70.0,81.0,95.0,3.11,PL
147,Lakes Entrance,-37.88,147.98,52.0,75.0,0.0,1.95,AU
148,Natal,-5.79,-35.21,73.4,83.0,4.0,6.93,BR
149,Sinnamary,5.38,-52.95,79.12,84.0,93.0,9.91,GF
150,Marsh Harbour,26.54,-77.06,83.88,70.0,23.0,5.82,BS
151,Castro,-24.79,-50.01,57.74,67.0,0.0,4.18,BR
152,Kumul,42.8,93.45,69.3,64.0,91.0,9.57,CN
153,Tautira,-17.73,-149.15,82.4,65.0,20.0,17.22,PF
154,Longyan,25.11,117.02,74.23,88.0,100.0,4.43,CN
155,Seminole,28.71,-81.21,86.0,66.0,1.0,4.7,US
156,Dikson,73.51,80.55,38.64,88.0,100.0,19.62,RU
157,Upernavik,72.79,-56.15,41.0,79.0,21.0,5.21,GL
158,Akonolinga,3.77,12.25,66.27,98.0,100.0,3.33,CM
159,Mahébourg,-20.41,57.7,60.8,87.0,75.0,6.93,MU
160,Mount Gambier,-37.83,140.77,53.6,71.0,100.0,18.34,AU
161,Ngunguru,-35.62,174.5,61.0,3.0,100.0,20.0,NZ
162,Sicamous,50.83,-118.99,71.6,49.0,75.0,3.36,CA
163,Lisala,2.15,21.52,70.3,97.0,32.0,1.41,CD
164,Beroun,49.96,14.07,64.4,93.0,87.0,4.7,CZ
165,Santa Isabel Rio Negro,-0.41,-65.02,78.55,79.0,73.0,1.57,BR
166,Hūn,29.13,15.95,78.35,56.0,7.0,10.29,LY
167,Saint George,37.1,-113.58,102.0,6.0,1.0,12.75,US
168,Vostok,46.49,135.88,71.2,78.0,100.0,2.95,RU
169,Poum,-20.23,164.02,73.18,75.0,76.0,10.54,NC
170,Yarim,14.3,44.38,60.03,75.0,79.0,4.36,YE
172,Puntarenas,9.98,-84.84,69.8,100.0,75.0,2.24,CR
173,Cacequi,-29.88,-54.83,70.93,65.0,90.0,5.03,BR
174,Hamilton,39.18,-84.53,82.0,69.0,20.0,5.82,US
175,Nikolskoye,59.7,30.79,59.0,67.0,75.0,8.95,RU
176,Egvekinot,66.32,-179.17,54.16,65.0,44.0,6.85,RU
178,Kysyl-Syr,63.9,122.76,57.25,64.0,82.0,2.15,RU
179,Bambous Virieux,-20.34,57.76,60.8,87.0,75.0,6.93,MU
180,Thompson,55.74,-97.86,60.8,82.0,75.0,11.41,CA
182,Severo-Kuril'sk,50.68,156.12,54.14,86.0,98.0,7.2,RU
183,Dunkirk,51.05,2.37,75.99,84.0,54.0,4.94,FR
184,Vestmanna,62.16,-7.17,53.6,100.0,18.0,6.93,FO
185,Nuuk,64.18,-51.72,42.8,70.0,100.0,4.7,GL
186,Eyl,7.98,49.82,76.19,61.0,84.0,30.6,SO
188,Ekibastuz,51.67,75.37,71.89,47.0,89.0,13.85,KZ
189,Baldeogarh,24.75,79.07,79.07,92.0,100.0,7.61,IN
190,Hasaki,35.73,140.83,91.4,66.0,20.0,11.41,JP
191,Karratha,-20.74,116.85,65.59,63.0,3.0,8.46,AU
192,Uglich,57.53,38.33,55.54,96.0,100.0,6.93,RU
193,Talnakh,69.49,88.4,50.0,100.0,90.0,2.24,RU
194,Alofi,-19.06,-169.92,77.0,65.0,75.0,19.46,NU
195,Airai,-8.93,125.41,68.02,83.0,44.0,1.48,TL
196,Mzimba,-11.9,33.6,56.52,45.0,0.0,6.24,MW
197,Brae,60.4,-1.35,55.4,100.0,96.0,5.82,GB
198,Moose Factory,51.26,-80.61,75.2,69.0,75.0,11.41,CA
199,Caborca,30.58,-111.1,100.99,41.0,7.0,7.87,MX
200,Jiazi,22.88,116.07,83.01,80.0,99.0,14.07,CN
201,Galle,6.04,80.22,78.64,86.0,82.0,9.95,LK
202,Byron Bay,-28.65,153.62,66.0,59.0,90.0,13.87,AU
203,Niğde,37.83,34.75,58.35,70.0,4.0,5.48,TR
204,Vertou,47.17,-1.47,73.0,88.0,18.0,2.24,FR
205,Praia da Vitória,38.73,-27.07,73.4,69.0,20.0,11.74,PT
206,Cardoso,-20.08,-49.91,73.04,40.0,1.0,6.17,BR
207,Varca,15.22,73.92,78.03,85.0,100.0,8.93,IN
208,Sisimiut,66.94,-53.67,42.17,77.0,100.0,14.9,GL
210,Kavaratti,10.57,72.64,81.63,79.0,100.0,22.21,IN
211,Nantucket,41.28,-70.1,73.4,94.0,40.0,10.29,US
212,Launceston,-41.45,147.17,48.0,70.0,90.0,5.82,AU
213,Henties Bay,-22.12,14.28,55.0,89.0,0.0,5.44,NA
214,Nebbi,2.48,31.09,66.02,85.0,3.0,5.28,UG
216,Dekar,-21.53,21.93,57.6,34.0,0.0,6.89,BW
217,Jackson,42.42,-122.83,98.6,16.0,1.0,11.41,US
218,Horsham,51.06,-0.33,72.0,73.0,73.0,1.12,GB
219,Mossamedes,-15.2,12.15,60.96,89.0,37.0,4.0,AO
220,Umluj,25.02,37.27,84.45,64.0,0.0,7.76,SA
221,Chenghai,23.46,116.77,80.6,88.0,75.0,4.47,CN
222,George Town,5.41,100.34,82.4,88.0,20.0,2.24,MY
223,Namatanai,-3.67,152.43,84.97,65.0,70.0,1.1,PG
224,Ilulissat,69.22,-51.1,39.2,90.0,41.0,2.24,GL
225,Coos Bay,43.37,-124.22,79.0,77.0,1.0,31.09,US
226,Sijunjung,-0.69,100.95,70.75,86.0,76.0,1.48,ID
227,Owando,-0.48,15.9,74.97,68.0,42.0,2.91,CG
228,Rosetown,51.55,-108.0,75.99,32.0,34.0,5.99,CA
229,Narsaq,60.92,-46.05,48.2,39.0,20.0,8.05,GL
230,Sangar,63.92,127.47,58.03,59.0,0.0,9.44,RU
231,Zyryanka,65.75,150.85,45.91,83.0,100.0,9.46,RU
232,Vila Franca do Campo,37.72,-25.43,69.8,83.0,20.0,11.41,PT
233,Onega,63.91,38.14,51.78,92.0,100.0,11.52,RU
235,Cherskiy,68.75,161.3,45.45,69.0,60.0,11.54,RU
236,Ribeira Grande,38.52,-28.7,70.45,76.0,7.0,12.46,PT
237,Saskylakh,71.92,114.08,50.31,53.0,56.0,5.14,RU
238,Montepuez,-13.13,39.0,65.5,84.0,38.0,6.51,MZ
239,Kirakira,-10.45,161.92,84.51,71.0,91.0,10.31,SB
240,Zuya,45.05,34.32,65.01,59.0,0.0,1.97,UA
241,Coahuayana Viejo,18.73,-103.68,80.6,78.0,40.0,11.41,MX
242,San Ignacio,17.16,-89.07,80.6,94.0,75.0,11.41,BZ
244,Imbituba,-28.24,-48.67,68.0,88.0,0.0,9.17,BR
245,Guatire,10.48,-66.54,73.99,78.0,57.0,2.71,VE
246,Pathein,16.78,94.73,78.93,90.0,100.0,4.61,MM
247,Clyde River,70.47,-68.59,41.0,86.0,90.0,12.75,CA
248,Meïganga,6.52,14.3,64.36,96.0,99.0,3.06,CM
249,Teluk Nibung,3.0,99.82,77.88,83.0,100.0,4.32,ID
250,Tiarei,-17.53,-149.33,82.4,65.0,20.0,17.22,PF
251,Shenjiamen,29.96,122.3,81.28,87.0,0.0,20.6,CN
252,Souillac,-20.52,57.52,60.8,87.0,75.0,6.93,MU
253,Methóni,36.82,21.7,77.0,88.0,0.0,4.32,GR
254,Lazarev,52.23,141.51,60.42,97.0,100.0,18.43,RU
255,Englewood,39.65,-104.99,88.0,16.0,75.0,10.29,US
256,Marrakesh,31.63,-8.01,73.4,64.0,0.0,5.82,MA
257,Kirksville,40.19,-92.58,69.8,88.0,1.0,10.29,US
258,Carnarvon,-24.87,113.63,62.6,100.0,75.0,8.05,AU
259,Muswellbrook,-32.27,150.9,59.0,58.0,54.0,3.0,AU
262,Cockburn Town,21.46,-71.14,82.44,80.0,100.0,16.31,TC
264,Seredka,58.16,28.19,50.0,87.0,0.0,4.47,RU
265,Broken Hill,-31.95,141.43,51.8,76.0,98.0,12.75,AU
266,Carutapera,-1.2,-46.02,77.4,84.0,43.0,6.17,BR
268,Saldanha,-33.01,17.94,42.8,87.0,0.0,3.36,ZA
269,Faya,18.39,42.45,69.8,77.0,61.0,5.01,SA
270,Diu,20.71,70.98,81.01,86.0,96.0,15.77,IN
271,Cherdyn',60.4,56.48,45.77,88.0,0.0,6.71,RU
272,Geraldton,-28.77,114.6,59.0,87.0,75.0,11.41,AU
273,Leshukonskoye,64.9,45.76,43.52,98.0,22.0,4.99,RU
274,Okhotsk,59.38,143.3,61.75,80.0,100.0,10.02,RU
275,French Harbor,16.35,-86.43,83.37,80.0,100.0,20.76,HN
276,Idrinskoye,54.37,92.14,61.3,78.0,0.0,2.33,RU
278,Qaanaaq,77.48,-69.36,40.42,65.0,2.0,2.3,GL
279,Rastatt,48.85,8.2,71.01,72.0,67.0,2.24,DE
280,Saint Lawrence,36.06,14.2,79.0,78.0,0.0,3.36,MT
281,Kaeo,-35.1,173.78,61.0,3.0,100.0,20.0,NZ
282,Atar,20.52,-13.05,98.91,25.0,99.0,15.84,MR
283,Torbay,47.67,-52.73,70.0,68.0,75.0,13.87,CA
284,Kikwit,-5.04,18.82,77.86,58.0,18.0,4.12,CD
285,Padang,-0.95,100.35,78.06,69.0,58.0,4.07,ID
286,Tigzirt,36.89,4.12,79.84,42.0,19.0,7.49,DZ
287,Hambantota,6.12,81.12,79.65,81.0,80.0,17.36,LK
288,Maningrida,-12.07,134.27,76.51,34.0,73.0,8.34,AU
289,Saint-Pierre,-21.34,55.48,68.0,45.0,90.0,10.29,RE
290,Neryungri,56.67,124.65,61.41,74.0,7.0,9.46,RU
291,Taitung City,22.76,121.14,77.0,100.0,75.0,3.36,TW
293,Hokitika,-42.72,170.97,52.57,73.0,17.0,1.66,NZ
294,Bud,39.45,-86.18,84.2,74.0,90.0,8.39,US
295,Serik,36.92,31.1,75.2,69.0,64.0,3.36,TR
296,Victor Harbor,-35.57,138.62,55.0,77.0,100.0,17.31,AU
297,Saint-Philippe,-21.36,55.77,68.0,45.0,90.0,10.29,RE
298,Cravinhos,-21.34,-47.73,73.4,35.0,4.0,5.82,BR
299,Bonavista,48.65,-53.11,69.01,76.0,30.0,3.0,CA
300,Medina del Campo,41.31,-4.91,77.0,56.0,40.0,5.82,ES
301,Kaspiysk,42.88,47.64,73.4,69.0,40.0,4.47,RU
302,Río Gallegos,-51.62,-69.22,33.8,80.0,39.0,13.87,AR
303,Alghero,40.56,8.32,69.8,94.0,12.0,3.36,IT
304,Itarema,-2.92,-39.92,78.22,78.0,0.0,15.48,BR
305,Basco,20.45,121.97,84.9,79.0,100.0,15.03,PH
306,Port Hardy,50.7,-127.42,64.4,59.0,20.0,16.11,CA
307,Cabedelo,-6.98,-34.83,73.4,94.0,75.0,5.82,BR
308,Kruisfontein,-34.0,24.73,47.03,74.0,0.0,6.82,ZA
309,Tuktoyaktuk,69.45,-133.04,51.8,71.0,75.0,2.24,CA
310,Thinadhoo,0.53,72.93,82.72,73.0,100.0,9.66,MV
311,Rohnert Park,38.34,-122.7,79.0,60.0,1.0,10.29,US
312,São Gabriel da Cachoeira,-0.13,-67.09,74.34,94.0,100.0,0.81,BR
313,Hede,33.77,120.25,80.74,89.0,10.0,6.06,CN
315,Port-Cartier,50.03,-66.87,66.2,88.0,40.0,5.82,CA
316,Les Cayes,18.2,-73.75,81.16,79.0,100.0,4.5,HT
317,Bira,49.0,132.47,69.42,92.0,98.0,2.71,RU
318,Sola,-13.88,167.55,78.51,84.0,53.0,14.99,VU
319,Northam,51.03,-4.22,63.0,96.0,35.0,4.0,GB
320,East London,-33.02,27.91,58.12,60.0,0.0,8.08,ZA
321,Shingū,33.73,135.98,84.2,89.0,40.0,8.05,JP
322,Taltal,-25.4,-70.48,56.44,77.0,30.0,1.81,CL
323,Le Chambon-Feugerolles,45.4,4.33,68.0,72.0,93.0,3.36,FR
324,Dimitrovgrad,54.21,49.62,59.0,77.0,0.0,6.71,RU
325,Talgar,43.3,77.24,75.2,33.0,75.0,6.71,KZ
326,Chernyshevskiy,63.01,112.47,65.93,56.0,32.0,9.53,RU
327,San Cristobal,7.77,-72.22,82.4,65.0,40.0,8.05,VE
328,Hong Kong,22.29,114.16,86.0,74.0,100.0,8.99,HK
329,Marovoay,-16.1,46.63,61.39,76.0,0.0,3.24,MG
330,La Ronge,55.1,-105.28,71.6,43.0,40.0,14.99,CA
331,Shache,38.42,77.24,71.62,34.0,60.0,6.49,CN
333,Labuhan,-6.88,112.21,78.28,81.0,93.0,7.0,ID
334,Nouadhibou,20.93,-17.03,73.4,83.0,65.0,18.34,MR
335,Mehamn,71.04,27.85,50.14,85.0,98.0,15.08,NO
336,Palmer,42.16,-72.33,82.4,54.0,75.0,8.05,US
337,Āsosa,10.07,34.53,61.21,88.0,87.0,2.08,ET
338,Aginskoye,51.1,114.53,60.62,89.0,99.0,5.64,RU
339,Pombas,17.15,-25.02,78.8,69.0,20.0,17.22,CV
340,Marihatag,8.79,126.3,82.54,73.0,71.0,0.83,PH
341,Marawi,8.0,124.29,81.0,74.0,40.0,4.0,PH
342,Dubrovnik,42.65,18.09,77.0,53.0,0.0,4.7,HR
343,Walvis Bay,-22.96,14.51,55.0,81.0,0.0,3.36,NA
344,Vuktyl,63.86,57.31,44.46,95.0,0.0,5.28,RU
345,Hima,0.3,30.18,68.45,70.0,13.0,1.43,UG
346,Sur,22.57,59.53,81.07,79.0,56.0,8.93,OM
347,Mayor Pablo Lagerenza,-19.93,-60.77,82.17,30.0,0.0,7.31,PY
348,Naze,28.37,129.48,86.0,89.0,75.0,16.11,JP
349,Mount Isa,-20.73,139.5,68.0,30.0,0.0,6.93,AU
350,Bathsheba,13.22,-59.52,82.4,78.0,20.0,17.22,BB
351,Emerald,-23.53,148.17,61.0,51.0,0.0,6.93,AU
352,Iqaluit,63.75,-68.51,42.8,75.0,75.0,5.82,CA
353,Bealanana,-14.55,48.73,54.1,91.0,75.0,1.43,MG
354,Hatillo,18.49,-66.83,78.01,97.0,53.0,16.44,PR
355,Avera,33.19,-82.53,73.4,73.0,1.0,8.05,US
357,Acaraú,-2.89,-40.12,77.99,79.0,1.0,15.59,BR
358,Abu Samrah,35.3,37.18,69.55,85.0,0.0,12.33,SY
359,Ţahţā,26.77,31.5,89.6,31.0,99.0,6.93,EG
361,Chara,56.91,118.26,64.62,60.0,17.0,1.48,RU
362,Chissamba,-12.17,17.33,56.73,38.0,0.0,2.39,AO
363,Kholm,59.27,32.85,54.09,86.0,75.0,8.32,RU
364,Tartous,34.89,35.89,78.01,83.0,40.0,6.93,SY
366,Marsá Maţrūḩ,31.35,27.25,77.0,78.0,20.0,5.82,EG
367,Nome,64.5,-165.41,55.0,76.0,20.0,10.29,US
369,Cuenca,-2.88,-78.98,59.0,62.0,77.0,5.82,EC
370,Broome,42.25,-75.83,73.99,83.0,1.0,4.61,US
371,Srednekolymsk,67.45,153.68,49.53,53.0,100.0,4.99,RU
372,Asău,46.43,26.4,57.0,93.0,4.0,2.53,RO
373,Yongchang,30.04,119.73,82.0,84.0,99.0,7.0,CN
374,Pizarro,4.95,-77.37,77.72,89.0,100.0,6.51,CO
375,Tabou,4.42,-7.35,74.95,84.0,100.0,10.65,CI
376,North Platte,41.12,-100.77,80.6,54.0,1.0,13.87,US
377,Talcahuano,-36.72,-73.12,46.4,70.0,0.0,6.93,CL
378,Yulara,-25.24,130.99,64.4,77.0,3.0,9.17,AU
380,Priladozhskiy,59.85,31.48,55.99,89.0,96.0,12.8,RU
381,Oktyabr'skiy,54.48,53.47,49.21,86.0,0.0,8.28,RU
382,Paamiut,61.99,-49.67,40.32,82.0,0.0,4.14,GL
383,Wau,7.7,28.0,70.23,94.0,100.0,2.42,SS
384,Dryden,49.78,-92.75,73.4,33.0,1.0,20.8,CA
385,Dali,25.7,100.18,65.07,85.0,100.0,3.96,CN
386,Vao,-22.67,167.48,71.08,76.0,4.0,18.52,NC
387,Berlevåg,70.86,29.09,50.49,84.0,76.0,15.23,NO
388,Kahului,20.89,-156.47,89.6,46.0,20.0,23.04,US
390,Beloha,-25.17,45.05,58.51,90.0,4.0,3.56,MG
391,Santa Fe,-31.63,-60.7,62.01,24.0,99.0,5.01,AR
392,Ballybofey,54.8,-7.78,54.68,93.0,6.0,2.75,IE
393,Coyhaique,-45.58,-72.07,41.0,56.0,75.0,10.29,CL
394,Sibu,2.3,111.82,82.4,88.0,40.0,4.7,MY
395,Nemuro,43.32,145.57,80.6,78.0,75.0,10.29,JP
396,Omsukchan,62.53,155.8,73.89,33.0,43.0,8.9,RU
397,Meulaboh,4.14,96.13,80.15,75.0,100.0,2.35,ID
398,Romodanovo,54.43,45.33,51.19,87.0,0.0,2.39,RU
399,Praia,14.92,-23.51,78.8,74.0,20.0,14.99,CV
400,Rivera,-30.91,-55.55,63.1,81.0,99.0,9.13,UY
401,Biggar,55.62,-3.52,57.99,21.0,100.0,5.23,GB
402,Fare,-16.7,-151.02,78.69,68.0,0.0,7.47,PF
403,Bethel,41.37,-73.41,82.4,69.0,1.0,8.05,US
404,Uarini,-2.99,-65.11,77.14,80.0,0.0,3.22,BR
405,Klamath Falls,42.22,-121.78,91.99,13.0,1.0,12.75,US
406,Anlu,31.17,112.58,83.89,81.0,22.0,5.82,CN
407,Edson,53.58,-116.44,68.0,26.0,1.0,17.22,CA
408,‘Āhuimanu,21.44,-157.84,87.8,69.0,75.0,12.75,US
409,Mabaruma,8.2,-59.78,76.37,89.0,19.0,2.46,GY
410,Guerrero Negro,27.98,-114.06,79.61,49.0,0.0,14.63,MX
411,Sabang,5.89,95.32,83.79,76.0,72.0,16.33,ID
412,Leh,34.17,77.58,59.68,48.0,4.0,5.48,IN
413,Yokadouma,3.52,15.05,68.59,95.0,100.0,2.57,CM
414,Flinders,-34.58,150.86,57.99,79.0,35.0,4.0,AU
415,São Filipe,14.9,-24.5,76.26,80.0,15.0,6.69,CV
416,Chiredzi,-21.05,31.67,58.14,80.0,0.0,5.14,ZW
417,Sovetskiy,61.36,63.58,52.25,89.0,100.0,13.69,RU
418,Pāsighāt,28.07,95.33,76.86,88.0,100.0,1.54,IN
419,Balkhash,46.84,74.98,75.69,45.0,59.0,11.41,KZ
420,Mgandu,-5.95,34.13,54.84,78.0,0.0,5.14,TZ
421,Trybukhivtsi,49.04,25.46,64.0,69.0,0.0,5.01,UA
422,Almaznyy,48.04,40.05,64.4,59.0,0.0,6.71,RU
423,Felipe Carrillo Puerto,19.58,-88.05,79.32,86.0,1.0,2.93,MX
424,Bandarbeyla,9.49,50.81,75.65,64.0,61.0,32.44,SO
425,Boende,-0.22,20.87,72.52,90.0,100.0,1.97,CD
426,São Francisco do Sul,-26.24,-48.64,63.0,100.0,0.0,4.29,BR
427,Cayenne,4.93,-52.33,78.8,94.0,20.0,9.13,GF
428,Lohārdagā,23.43,84.68,78.8,94.0,90.0,5.82,IN
429,Plouzané,48.38,-4.62,64.4,100.0,20.0,8.05,FR
430,Mirny,62.54,113.96,62.6,63.0,40.0,13.42,RU
431,St. George's,12.06,-61.75,84.2,74.0,20.0,11.41,GD
432,Bilma,18.69,12.92,89.04,42.0,95.0,8.81,NE
433,Villa María,-32.41,-63.24,50.0,36.0,0.0,8.01,AR
434,Tandaltī,13.02,31.87,76.05,84.0,100.0,10.96,SD
435,Nhulunbuy,-12.23,136.77,78.8,54.0,20.0,11.41,AU
436,Biu,10.61,12.19,68.05,95.0,100.0,5.57,NG
437,Codrington,-38.27,141.97,53.74,72.0,100.0,15.75,AU
438,Province of Mantua,45.17,10.78,75.0,82.0,11.0,3.0,IT
439,Solnechnyy,50.72,136.63,75.31,66.0,39.0,4.59,RU
440,Soyo,-6.13,12.37,72.18,88.0,9.0,8.72,AO
441,Acarí,-15.43,-74.62,61.0,63.0,57.0,3.74,PE
442,Languyan,5.26,120.08,84.81,75.0,100.0,4.92,PH
443,Óbidos,-1.92,-55.52,82.18,51.0,0.0,2.21,BR
444,Lata,40.16,-8.33,66.0,90.0,99.0,3.0,PT
445,Mahajanga,-15.72,46.32,65.77,81.0,0.0,3.04,MG
446,Yambio,4.57,28.4,66.63,96.0,21.0,1.01,SS
448,Qasigiannguit,68.82,-51.19,39.2,96.0,70.0,2.24,GL
449,Alsfeld,50.75,9.27,70.0,72.0,100.0,5.59,DE
450,Leningradskiy,69.38,178.42,59.29,53.0,100.0,7.9,RU
451,Arlit,18.74,7.39,82.49,57.0,100.0,8.84,NE
453,Dingle,11.0,122.67,85.26,71.0,99.0,3.62,PH
455,Sulangan,11.14,123.72,83.39,73.0,100.0,4.99,PH
456,Beira,-19.84,34.84,60.8,87.0,0.0,2.24,MZ
457,Nexø,55.06,15.13,66.2,77.0,0.0,10.29,DK
458,Sibolga,1.74,98.78,80.78,67.0,100.0,1.99,ID
459,Nouakchott,18.09,-15.98,78.8,78.0,90.0,11.41,MR
460,Shihezi,44.3,86.03,81.37,26.0,11.0,4.76,CN
461,Şabrātah,32.79,12.49,78.15,69.0,0.0,10.16,LY
462,Greeley,40.42,-104.71,87.01,35.0,1.0,9.17,US
463,Adrar,20.5,-10.07,93.81,28.0,23.0,9.1,MR
464,San Jerónimo,-11.95,-75.28,52.3,60.0,82.0,1.74,PE
465,Korla,41.76,86.15,69.01,94.0,1.0,1.01,CN
466,Abhā,18.22,42.51,69.8,77.0,59.0,4.97,SA
467,Portland,45.52,-122.68,91.0,35.0,1.0,11.41,US
468,Kokkola,63.84,23.13,60.01,100.0,30.0,1.12,FI
469,Pergamino,-33.89,-60.57,53.01,40.0,15.0,4.0,AR
470,San Lorenzo,-25.33,-57.53,71.6,53.0,0.0,2.24,PY
471,Ust'-Ilimsk,58.0,102.66,71.58,50.0,96.0,1.99,RU
472,Samarai,-10.62,150.67,79.07,87.0,33.0,11.21,PG
473,Hobyo,5.35,48.53,74.88,80.0,97.0,27.2,SO
474,Te Anau,-45.42,167.72,47.79,68.0,18.0,5.73,NZ
475,Notsé,6.95,1.17,69.91,89.0,99.0,6.8,TG
476,Rodionovo-Nesvetayskaya,47.61,39.71,64.4,59.0,0.0,6.71,RU
477,Faanui,-16.48,-151.75,77.99,64.0,0.0,5.79,PF
478,Malinovskiy,61.2,62.84,51.08,94.0,100.0,13.31,RU
479,Kaihua,23.37,104.28,72.25,82.0,79.0,5.39,CN
480,Nagpandayan,15.6,120.77,83.46,77.0,100.0,4.09,PH
481,Saint Paul Harbor,57.79,-152.41,66.2,42.0,1.0,11.41,US
482,Tuatapere,-46.13,167.68,52.0,72.0,91.0,11.01,NZ
483,Champerico,14.3,-91.92,87.8,66.0,40.0,9.17,GT
484,Tumpat,6.2,102.17,78.8,94.0,20.0,2.24,MY
485,Odesskoye,54.21,72.97,64.31,81.0,100.0,7.27,RU
486,Nurota,40.56,65.69,75.2,31.0,0.0,6.93,UZ
487,Nyimba,-14.56,30.81,54.43,38.0,83.0,2.68,ZM
488,Ishigaki,24.34,124.16,87.8,84.0,75.0,18.34,JP
489,Ostrovnoy,68.05,39.51,48.42,87.0,80.0,6.38,RU
490,Manokwari,-0.87,134.08,84.52,66.0,20.0,5.61,ID
492,Norman Wells,65.28,-126.83,64.4,82.0,75.0,3.36,CA
493,Jalu,29.03,21.55,77.09,67.0,0.0,9.19,LY
494,Alyangula,-13.85,136.42,76.95,51.0,0.0,9.44,AU
496,Soteapan,18.23,-94.87,86.0,79.0,75.0,9.17,MX
497,Novoorsk,51.38,58.98,57.2,87.0,75.0,17.9,RU
498,Isangel,-19.55,169.27,82.4,74.0,20.0,9.17,VU
499,Kachkanar,58.7,59.49,48.69,95.0,100.0,9.28,RU
500,Jiujiang,29.73,115.98,80.67,85.0,99.0,1.41,CN
501,Vale,41.62,42.87,71.6,100.0,61.0,4.7,GE
503,Mariehamn,60.1,19.93,51.8,100.0,27.0,4.7,AX
504,Hoa Binh,20.81,105.34,80.6,83.0,20.0,8.05,VN
505,Pisco,-13.7,-76.22,60.8,82.0,1.0,11.41,PE
506,Buchanan,5.88,-10.05,77.0,88.0,75.0,6.93,LR
507,Todos Santos,23.45,-110.22,91.99,58.0,73.0,4.0,MX
508,Aksarka,66.56,67.8,49.64,95.0,100.0,12.46,RU
509,Half Moon Bay,37.46,-122.43,78.8,44.0,5.0,12.75,US
510,Rio Casca,-20.23,-42.65,64.9,63.0,2.0,2.39,BR
511,Araouane,18.9,-3.53,96.22,11.0,42.0,4.52,ML
512,Preobrazheniye,42.9,133.91,72.91,89.0,100.0,4.74,RU
513,Pangody,65.85,74.49,65.16,64.0,29.0,10.63,RU
514,Plettenberg Bay,-34.05,23.37,55.72,49.0,0.0,6.4,ZA
515,Beringovskiy,63.05,179.32,60.33,65.0,99.0,6.49,RU
517,Piranshahr,36.7,45.14,60.67,57.0,0.0,1.66,IR
518,Tres Arroyos,-38.37,-60.28,39.72,68.0,0.0,17.85,AR
519,Skellefteå,64.75,20.95,48.2,93.0,76.0,5.82,SE
520,Mūdbidri,13.08,74.98,77.0,88.0,90.0,4.7,IN
521,Akşehir,38.36,31.42,64.63,66.0,0.0,4.7,TR
522,Puerto Ayacucho,5.66,-67.62,78.8,83.0,40.0,0.6,VE
523,Lakhīmpur,27.95,80.77,79.81,90.0,75.0,5.88,IN
524,Saquarema,-22.92,-42.51,75.2,60.0,0.0,5.82,BR
525,Campiglia Marittima,43.06,10.62,78.01,51.0,0.0,4.99,IT
526,Porto-Novo,6.5,2.6,75.2,94.0,40.0,9.17,BJ
527,Puerto del Rosario,28.5,-13.86,73.4,78.0,90.0,18.34,ES
528,Paihia,-35.28,174.09,61.0,3.0,100.0,20.0,NZ
529,Vardø,70.37,31.11,51.3,85.0,94.0,14.38,NO
530,Ambon City,-3.7,128.18,78.8,88.0,75.0,3.36,ID
531,Xining,36.62,101.77,62.65,46.0,97.0,2.39,CN
532,Knysna,-34.04,23.05,46.4,81.0,0.0,4.7,ZA
533,Haines Junction,60.75,-137.51,55.31,59.0,100.0,8.08,CA
534,Nabire,-3.37,135.48,81.95,78.0,80.0,5.06,ID
535,Isla Mujeres,21.23,-86.73,84.2,79.0,75.0,5.82,MX
536,Alice Springs,-23.7,133.88,64.4,23.0,75.0,13.87,AU
537,San Joaquin,10.26,-67.79,74.21,87.0,98.0,2.82,VE
538,Klaksvík,62.23,-6.59,53.6,100.0,34.0,6.93,FO
539,Cairns,-16.92,145.77,75.2,60.0,90.0,6.93,AU
540,Whitianga,-36.83,175.7,55.0,99.0,100.0,11.99,NZ
542,Mossendjo,-2.95,12.73,66.9,88.0,55.0,3.38,CG
543,Statesboro,32.45,-81.78,82.4,78.0,90.0,10.29,US
544,Pueblo,38.25,-104.61,88.0,20.0,1.0,12.75,US
545,Gushikawa,26.35,127.87,86.0,79.0,75.0,11.41,JP
546,Kumluca,36.37,30.29,80.56,57.0,10.0,2.53,TR
547,Cabra,37.47,-4.44,79.0,52.0,0.0,3.09,ES
548,Sept-Îles,50.2,-66.38,66.2,88.0,40.0,5.82,CA
549,Kununurra,-15.77,128.73,75.2,28.0,0.0,3.36,AU
550,La Palma,33.85,-118.05,84.99,39.0,1.0,4.7,US
551,Villa Carlos Paz,-31.42,-64.5,55.99,20.0,0.0,14.99,AR
552,Lorengau,-2.02,147.27,85.15,64.0,5.0,2.39,PG
553,Shagonar,51.53,92.8,63.07,67.0,30.0,0.63,RU
554,Barranca,-10.75,-77.77,57.78,92.0,13.0,8.46,PE
555,Malbork,54.04,19.03,64.0,100.0,0.0,6.76,PL
556,Yatou,37.15,122.38,80.92,81.0,4.0,3.38,CN
558,Gogrial,8.53,28.1,72.84,91.0,99.0,1.72,SS
559,Kota Belud,6.35,116.43,84.0,69.0,20.0,5.82,MY
560,Oistins,13.07,-59.53,82.4,78.0,20.0,17.22,BB
562,Marigot,18.07,-63.08,84.0,74.0,20.0,8.05,MF
563,Ugra,54.78,34.33,57.49,97.0,80.0,4.07,RU
564,Itaituba,-4.28,-55.98,78.58,45.0,0.0,0.92,BR
565,Koungou,-12.73,45.2,66.2,82.0,0.0,5.82,YT
566,Portage,41.17,-81.2,82.0,57.0,1.0,5.19,US
567,Krasnodarskiy Kray,45.0,40.0,73.0,43.0,74.0,8.95,RU
568,Tilichiki,60.47,166.1,54.68,78.0,100.0,7.65,RU
569,Nahrin,36.06,69.13,67.6,38.0,0.0,2.55,AF
570,Key Largo,25.09,-80.45,84.99,1.0,100.0,1.99,US
571,Mbala,-8.84,31.37,55.02,49.0,0.0,6.6,ZM
572,Ōdachō-ōda,35.18,132.5,87.8,62.0,75.0,14.99,JP
573,Baykit,61.67,96.37,74.55,45.0,0.0,0.92,RU
574,Makkah al Mukarramah,21.43,39.83,85.48,54.0,1.0,3.02,SA
575,Seybaplaya,19.65,-90.67,80.6,78.0,75.0,11.41,MX
576,Marshall,34.38,-86.33,84.99,49.0,100.0,1.45,US
577,Charters Towers,-20.1,146.27,69.6,30.0,0.0,6.04,AU
578,Buritis,-15.62,-46.42,67.06,48.0,0.0,1.72,BR
579,Unaí,-16.36,-46.91,67.23,53.0,28.0,4.56,BR
580,Nyandoma,61.67,40.2,52.27,98.0,76.0,3.58,RU
581,Kichera,55.94,110.1,65.48,65.0,100.0,2.93,RU
582,Somerset West,-34.08,18.82,55.0,87.0,20.0,11.41,ZA
583,Porto Torres,40.84,8.4,69.8,94.0,3.0,3.36,IT
584,Konëvo,62.12,39.32,52.81,97.0,75.0,5.73,RU
585,Arman',59.7,150.17,62.83,63.0,98.0,6.49,RU
586,Matam,15.62,-13.33,89.6,66.0,40.0,2.24,SN
587,Pucallpa,-8.38,-74.55,86.0,66.0,20.0,2.24,PE
588,Antofagasta,-23.65,-70.4,55.4,87.0,20.0,5.82,CL
590,Mujiayingzi,42.12,118.78,81.34,30.0,0.0,11.36,CN
591,Itupiranga,-5.13,-49.33,77.0,69.0,0.0,2.95,BR
592,Deputatsky,69.3,139.9,40.78,71.0,92.0,6.33,RU
593,Khovd,48.01,91.64,64.63,45.0,1.0,1.5,MN
594,Husavik,66.04,-17.34,59.0,67.0,100.0,17.22,IS
595,Halifax,44.65,-63.57,71.01,77.0,0.0,1.99,CA
596,Petropavlovsk-Kamchatskiy,53.05,158.65,66.2,63.0,11.0,4.47,RU
597,Nkhotakota,-12.93,34.3,63.91,53.0,0.0,7.16,MW
598,Mana,5.66,-53.78,78.26,88.0,60.0,10.4,GF
600,Olafsvik,64.89,-23.71,51.67,95.0,100.0,12.8,IS
601,Abu Kamal,34.45,40.92,74.44,58.0,0.0,12.15,SY
602,Dunedin,-45.87,170.5,48.99,75.0,32.0,8.01,NZ
603,Eureka,40.8,-124.16,69.01,47.0,0.0,3.0,US
604,Manāsa,24.48,75.27,77.52,90.0,100.0,11.52,IN
605,Verkhnevilyuysk,63.45,120.32,51.01,94.0,100.0,3.4,RU
606,Mīzan Teferī,6.98,35.58,60.66,89.0,100.0,1.83,ET
607,Kibala,9.11,18.35,75.2,88.0,20.0,1.28,TD
608,Norden,53.6,7.2,71.6,78.0,12.0,8.05,DE
609,Kosonsoy,41.26,71.55,75.2,60.0,90.0,6.93,UZ
610,Arkadak,51.93,43.5,53.15,81.0,0.0,2.66,RU
611,Cañon City,38.44,-105.24,87.01,23.0,98.0,13.0,US
612,Nyköping,58.75,17.01,50.0,100.0,0.0,3.13,SE
613,Nizwá,22.93,57.53,87.1,52.0,86.0,2.82,OM
614,Wanning,18.8,110.4,86.32,73.0,100.0,8.32,CN
615,Chittarkonda,18.12,82.08,72.0,95.0,100.0,2.3,IN
616,Bairiki Village,1.33,172.98,87.8,66.0,20.0,11.41,KI
617,Bambanglipuro,-7.95,110.28,79.34,77.0,98.0,8.37,ID
618,Linhares,-19.39,-40.07,68.65,90.0,98.0,2.3,BR
619,Caravelas,-17.71,-39.25,69.33,89.0,11.0,4.76,BR
620,Santana,-0.06,-51.18,82.4,88.0,75.0,5.82,BR
621,Bitung,1.45,125.18,77.0,88.0,40.0,9.73,ID
622,Zhangjiakou,40.81,114.88,77.04,37.0,0.0,1.3,CN
623,Dāmghān,36.17,54.35,75.22,44.0,0.0,3.96,IR
624,Sungai Raya,0.7,108.9,82.99,76.0,100.0,3.13,ID
625,Saint-Louis,16.33,-15.0,84.2,70.0,96.0,4.7,SN
626,Tanout,14.97,8.89,76.78,78.0,100.0,4.36,NE
627,Olinda,-8.01,-34.86,75.2,83.0,40.0,11.41,BR
628,Buncrana,55.13,-7.45,55.81,91.0,62.0,3.42,IE
629,Seydi,39.48,62.91,74.17,29.0,0.0,10.65,TM
630,Ginda,30.69,78.49,77.0,94.0,75.0,3.36,IN
631,Zhanakorgan,43.91,67.25,64.56,42.0,0.0,2.68,KZ
632,Sorong,-0.88,131.25,82.26,75.0,51.0,6.44,ID
633,Rawson,-43.3,-65.1,43.56,55.0,0.0,22.5,AR
634,Mitsamiouli,-11.38,43.28,74.55,75.0,0.0,9.1,KM
636,Ialibu,-6.28,143.99,65.64,86.0,22.0,2.62,PG
637,Kodinsk,58.69,99.18,73.11,50.0,69.0,1.77,RU
638,Conchas,-23.02,-48.01,65.71,48.0,0.0,2.1,BR
